Sentence,Emoji
I am feeling happy today,ğŸ˜Š
I miss my family,ğŸ˜¢
I am so angry right now,ğŸ˜¡
Tears in my eyes from laughing,ğŸ˜‚
I am shocked by this news,ğŸ˜±
Life is amazing,ğŸ˜Š
I am feeling sad right now,ğŸ˜¢
Why did this happen?,ğŸ˜¡
That was so funny,ğŸ˜‚
I am shocked by this news,ğŸ˜±
Life is amazing,ğŸ˜Š
I miss my family,ğŸ˜¢
I am losing my patience,ğŸ˜¡
LOL thatâ€™s hilarious,ğŸ˜‚
What just happened?,ğŸ˜±
Feeling grateful for everything,ğŸ˜Š
Life feels so hard,ğŸ˜¢
I am so angry right now,ğŸ˜¡
LOL thatâ€™s hilarious,ğŸ˜‚
This is unbelievable,ğŸ˜±
I am feeling happy today,ğŸ˜Š
I am feeling sad right now,ğŸ˜¢
I can't believe this mistake,ğŸ˜¡
I can't stop laughing,ğŸ˜‚
I am shocked by this news,ğŸ˜±
Life is amazing,ğŸ˜Š
Life feels so hard,ğŸ˜¢
I can't believe this mistake,ğŸ˜¡
This joke made my day,ğŸ˜‚
What just happened?,ğŸ˜±
I am feeling happy today,ğŸ˜Š
This day is not going well,ğŸ˜¢
This is so frustrating,ğŸ˜¡
Tears in my eyes from laughing,ğŸ˜‚
I did not expect that,ğŸ˜±
Life is amazing,ğŸ˜Š
This day is not going well,ğŸ˜¢
I am so angry right now,ğŸ˜¡
This joke made my day,ğŸ˜‚
I did not expect that,ğŸ˜±
Feeling grateful for everything,ğŸ˜Š
I am feeling sad right now,ğŸ˜¢
I am losing my patience,ğŸ˜¡
Tears in my eyes from laughing,ğŸ˜‚
I did not expect that,ğŸ˜±
This is such a beautiful day,ğŸ˜Š
I am heartbroken,ğŸ˜¢
I am so angry right now,ğŸ˜¡
I can't stop laughing,ğŸ˜‚
That scared me,ğŸ˜±
Life is amazing,ğŸ˜Š
Life feels so hard,ğŸ˜¢
This is so frustrating,ğŸ˜¡
This joke made my day,ğŸ˜‚
What just happened?,ğŸ˜±
This is such a beautiful day,ğŸ˜Š
I am heartbroken,ğŸ˜¢
I can't believe this mistake,ğŸ˜¡
LOL thatâ€™s hilarious,ğŸ˜‚
I did not expect that,ğŸ˜±
I am feeling happy today,ğŸ˜Š
Life feels so hard,ğŸ˜¢
I am so angry right now,ğŸ˜¡
LOL thatâ€™s hilarious,ğŸ˜‚
I did not expect that,ğŸ˜±
I love spending time with my friends,ğŸ˜Š
This day is not going well,ğŸ˜¢
This is so frustrating,ğŸ˜¡
LOL thatâ€™s hilarious,ğŸ˜‚
I am shocked by this news,ğŸ˜±
Life is amazing,ğŸ˜Š
I miss my family,ğŸ˜¢
I am losing my patience,ğŸ˜¡
Tears in my eyes from laughing,ğŸ˜‚
What just happened?,ğŸ˜±
This is such a beautiful day,ğŸ˜Š
I am feeling sad right now,ğŸ˜¢
This is so frustrating,ğŸ˜¡
Tears in my eyes from laughing,ğŸ˜‚
What just happened?,ğŸ˜±
Feeling grateful for everything,ğŸ˜Š
I miss my family,ğŸ˜¢
Why did this happen?,ğŸ˜¡
I can't stop laughing,ğŸ˜‚
What just happened?,ğŸ˜±
Feeling grateful for everything,ğŸ˜Š
I miss my family,ğŸ˜¢
I am losing my patience,ğŸ˜¡
Tears in my eyes from laughing,ğŸ˜‚
What just happened?,ğŸ˜±
I am feeling happy today,ğŸ˜Š
Life feels so hard,ğŸ˜¢
I am losing my patience,ğŸ˜¡
Tears in my eyes from laughing,ğŸ˜‚
What just happened?,ğŸ˜±
I am feeling happy today,ğŸ˜Š
This day is not going well,ğŸ˜¢
I am so angry right now,ğŸ˜¡
This joke made my day,ğŸ˜‚
I am shocked by this news,ğŸ˜±
